기준_년분기_코드,행정동_코드,행정동_코드_명,총_유동인구_수,남성_유동인구_수,여성_유동인구_수,연령대_10_유동인구_수,연령대_20_유동인구_수,연령대_30_유동인구_수,연령대_40_유동인구_수,연령대_50_유동인구_수,연령대_60_이상_유동인구_수,시간대_00_06_유동인구_수,시간대_06_11_유동인구_수,시간대_11_14_유동인구_수,시간대_14_17_유동인구_수,시간대_17_21_유동인구_수,시간대_21_24_유동인구_수,월요일_유동인구_수,화요일_유동인구_수,수요일_유동인구_수,목요일_유동인구_수,금요일_유동인구_수,토요일_유동인구_수,일요일_유동인구_수
20191,11140635,약수동,2202172,997479,1204692,262835,276184,368610,333090,301601,659851,565303,448794,258610,260335,377764,291364,310315,308070,308760,308724,308630,325042,332631
20192,11140635,약수동,1432521,647436,785085,176974,179326,238589,216082,195692,425857,373875,292195,165371,166787,243478,190816,201936,199403,200412,202003,202603,210006,216159
20193,11140635,약수동,2544641,1157732,1386909,308556,321005,411089,385100,354596,764295,682414,529255,291475,289644,418643,333211,361151,359838,359879,355743,354130,370232,383666
20194,11140635,약수동,2709714,1235161,1474553,323414,340700,441257,424034,381071,799240,714631,565026,314373,311276,451382,353025,382203,377083,381508,380250,380626,397470,410575
20201,11140635,약수동,2820085,1276495,1543590,335560,361067,459139,441136,403931,819252,714830,585139,341834,338998,479145,360139,396853,395843,397536,395691,397840,413863,422461
20202,11140635,약수동,2823293,1278191,1545103,342711,362296,459336,434913,403124,820912,713682,586177,341730,339650,480779,361276,398767,398803,398022,397468,398191,411130,420912
20203,11140635,약수동,2776374,1275712,1500663,341780,347192,446656,428127,399306,813315,702562,575001,337077,335603,472241,353890,393385,390141,393551,392861,391713,404540,410186
20204,11140635,약수동,2653745,1221741,1432004,326214,320674,431509,418868,381432,775047,679464,546738,316730,316245,452711,341855,376819,375556,375804,375682,373190,383459,393236
20211,11140635,약수동,2561138,1187974,1373165,316522,313542,418454,397465,370779,744378,648611,527998,307878,308075,439307,329267,363330,362768,361998,361088,362713,372074,377168
20212,11140635,약수동,2494939,1162424,1332514,320343,315650,415609,383952,354915,704470,633786,511901,296044,298259,430338,324612,353385,351353,354227,352181,351949,362616,369226
20213,11140635,약수동,2388090,1109673,1278418,305190,308613,393260,361219,346569,673239,585393,488084,291247,295614,419091,308663,339210,339158,339048,336552,340825,345743,347554
20214,11140635,약수동,2287893,1067897,1219996,285971,296830,380830,352213,338695,633354,562133,467184,277456,282135,402848,296138,325298,322894,322624,322211,323814,333072,337979
20221,11140635,약수동,2328694,1089106,1239589,303470,305052,389161,354496,341741,634775,570638,477978,285358,288863,407547,298312,328937,326690,329664,329363,329655,340559,343829
20222,11140635,약수동,2308272,1083277,1224995,301790,300002,390920,350788,336764,628008,554801,467563,281748,289850,415449,298861,329073,325710,325284,325079,327000,336099,340027
20223,11140635,약수동,2304965,1078246,1226718,291285,307196,393741,354727,335584,622432,524053,460245,291010,301842,430984,296833,326206,326257,326181,326046,327579,334178,338518
20224,11140635,약수동,2194188,1016057,1178133,269291,283695,382685,340133,322399,595985,505313,438042,272570,284754,409110,284399,308658,308110,308303,308884,312832,322669,324731
20231,11140635,약수동,2125755,975967,1149789,265215,268851,369875,332913,308035,580866,489147,425264,267273,276637,393696,273738,298367,298971,301210,299226,303038,311004,313939
20232,11140635,약수동,2083690,957920,1125770,261987,254147,370795,329347,305297,562117,481749,417097,258859,268709,386662,270615,294985,293405,293949,293593,297730,303243,306785
20233,11140635,약수동,2033005,940752,1092253,250510,246818,362825,322061,307700,543090,466406,406894,256847,263673,376735,262450,287566,285836,287169,286261,289254,294910,302006
20234,11140635,약수동,2038459,938121,1100339,245085,254010,362276,327381,308050,541659,469807,410664,256457,264498,376403,260630,285796,285691,287097,286684,291989,301328,299873
20191,11200590,금호1가동,4271714,1907975,2363739,719839,420015,773516,684762,595657,1077925,1087673,875921,487656,510242,752323,557897,593272,596021,595584,589490,591200,645564,660582
20191,11200615,금호2?3가동,6952366,3238501,3713865,1302159,740844,1143261,1053499,928392,1784213,2086128,1455311,705198,685420,1061789,958520,978848,978795,975386,968922,973283,1024630,1052502
20191,11200620,금호4가동,2905304,1357578,1547725,464429,307550,479304,443061,410504,800457,696005,582395,341449,365898,541766,377789,403247,402774,403819,403221,407083,441808,443352
20192,11200590,금호1가동,2702603,1181876,1520727,453874,262843,496177,436503,373621,679585,705650,553500,300595,316546,473849,352464,376971,367925,372703,374269,379134,418631,412969
20192,11200615,금호2?3가동,4284935,1964602,2320332,762980,460571,722298,668296,577930,1092858,1301558,875065,417963,415885,665322,609143,599528,601775,606495,608044,596682,613534,658876
20192,11200620,금호4가동,1876875,869323,1007552,294264,198946,322301,295510,261196,504657,460760,373924,213409,230944,348916,248920,258280,257271,262137,264652,261778,280685,292072
20193,11200590,금호1가동,3917668,1735202,2182465,644965,382433,718232,645729,556595,969712,986737,791698,446435,471015,699816,521968,551364,546347,548454,546996,542554,580505,601447
20193,11200615,금호2?3가동,6555466,2998676,3556790,1165123,718435,1096793,1038436,888566,1648112,1917801,1342880,674432,671930,1035669,912751,915059,926403,930074,921904,913387,958912,989727
20193,11200620,금호4가동,3244660,1500761,1743899,513043,346439,565858,515006,451675,852638,820556,660915,368717,388286,578946,427239,450308,454667,460531,455169,453472,482420,488095
20194,11200590,금호1가동,3917884,1737875,2180010,654360,374080,721137,651575,556911,959820,988251,791527,443642,471348,701167,521950,544405,543511,548977,552000,542808,586724,599459
20194,11200615,금호2?3가동,6748754,3061773,3686981,1208172,731825,1145272,1071250,912021,1680210,1972872,1380940,684172,686357,1079676,944736,946027,937062,958736,949693,939390,990521,1027327
20194,11200620,금호4가동,3249211,1492028,1757183,528914,333043,564100,509618,457980,855558,824684,660107,365255,389259,581975,427931,448873,446105,452276,458214,455159,489383,499202
20201,11200590,금호1가동,4082172,1814224,2267949,684808,406572,747976,687321,564428,991066,1007074,821831,482029,506940,731938,532360,572589,570371,571081,567451,566291,612360,622030
20201,11200615,금호2?3가동,7030499,3211918,3818581,1311304,781156,1176784,1109950,954202,1697104,1953956,1441703,766083,761823,1147713,959222,994089,986164,997927,988129,984685,1025689,1053816
20201,11200620,금호4가동,3242120,1490777,1751342,522532,346190,561875,504459,461509,845553,816210,660933,377357,392311,575998,419308,455571,451359,448905,453909,457128,485115,490130
20202,11200590,금호1가동,3889858,1715530,2174328,649822,387507,711407,659563,538739,942822,956995,782032,456908,482576,703935,507414,544058,542566,542908,541624,542598,582348,593755
20202,11200615,금호2?3가동,6613940,3029773,3584167,1258632,744483,1070581,1055610,907377,1577256,1825818,1349867,725868,724548,1084791,903048,934667,929511,931107,931215,929411,968309,989721
20202,11200620,금호4가동,3582109,1626842,1955268,567268,386579,635068,578839,504269,910086,893979,719624,415384,435895,645740,471486,500485,499065,499332,502999,502501,535724,542001
20203,11200590,금호1가동,3758939,1657477,2101464,623401,364710,695462,641802,518990,914574,919286,755805,444385,467424,682387,489655,526154,525167,524703,525128,523192,562455,572140
20203,11200615,금호2?3가동,6492655,2972499,3520155,1199082,720939,1056180,1031933,915807,1568713,1776913,1315093,717228,720344,1077156,885921,919847,909580,916038,912454,910255,951201,973280
20203,11200620,금호4가동,3580695,1611902,1968792,560502,387165,638974,579014,508598,906443,877615,713425,419482,441066,656250,472855,501472,497518,501474,500367,502478,537497,539889
20204,11200590,금호1가동,3912815,1726747,2186068,652818,368475,741276,679689,530218,940338,979393,790630,455332,476945,700104,510410,549228,542947,544309,544225,545769,585058,601277
20204,11200615,금호2?3가동,6656318,3025349,3630970,1148089,736377,1120929,1065873,960270,1624783,1809228,1348208,732508,738437,1117335,910603,936929,931013,930164,930811,941135,979123,1007143
20204,11200620,금호4가동,3463960,1556534,1907426,516399,371419,631495,562586,496616,885445,850784,695065,408334,428829,631461,449489,485830,482624,484811,485600,481832,515262,528003
20211,11200590,금호1가동,4092035,1804452,2287583,666119,389697,779747,718459,559503,978510,1039477,831489,470081,486780,721527,542683,570734,567265,567119,570313,569863,614383,632358
20211,11200615,금호2?3가동,6610625,3025840,3584786,1134479,732350,1103199,1072503,975245,1592849,1791866,1344035,733337,734675,1107861,898851,928204,923353,924504,927734,932713,977747,996368
20211,11200620,금호4가동,3269486,1476882,1792604,495905,349389,584368,541451,468622,829751,796826,654572,387622,407941,599638,422889,454994,453349,454922,455595,459238,494513,496876
20212,11200590,금호1가동,4222838,1855234,2367605,679440,410400,793258,753896,577592,1008252,1114399,858746,467959,488265,729792,563679,589261,587380,592456,587255,589225,631966,645295
20212,11200615,금호2?3가동,6368198,2889233,3478964,1085635,701293,1059525,1054234,956214,1511299,1778819,1281850,677490,686536,1061724,881778,892876,891810,899928,890595,887473,942565,962949
20212,11200620,금호4가동,3224065,1460050,1764015,500610,341818,580609,543682,467757,789589,793823,638510,373437,399058,595880,423357,446862,446375,452684,446754,452396,487542,491452
20213,11200590,금호1가동,4278483,1889415,2389066,693323,417724,801067,769479,594381,1002507,1117821,877439,482100,496501,736796,567825,599031,597246,600384,599022,597277,637977,647544
20213,11200615,금호2?3가동,6521440,2957400,3564041,1144819,699717,1058181,1067496,994782,1556446,1786093,1314870,715365,722120,1093720,889272,916067,923253,919767,913430,915725,961882,971316
20213,11200620,금호4가동,3050635,1380349,1670287,466299,311065,563382,521662,444983,743243,761803,613204,353509,374075,548884,399158,427866,426254,431036,429360,431090,449614,455416
20214,11200590,금호1가동,4082968,1816825,2266143,694959,389283,748915,737768,567635,944408,1083328,841518,452402,467713,694801,543205,575415,570886,566853,567570,568798,608998,624450
20214,11200615,금호2?3가동,6623040,3006996,3616044,1184552,698101,1077629,1077247,993640,1591871,1848038,1335819,703156,715944,1108093,911989,939260,925206,926439,922241,927184,979960,1002752
20214,11200620,금호4가동,2996012,1347655,1648357,452190,292037,560984,519135,431452,740214,759007,606739,340910,363268,532727,393359,421880,418952,419306,420293,423162,444272,448147
20221,11200590,금호1가동,4041581,1794592,2246988,694924,382699,744557,744214,557099,918087,1053328,833591,457640,470674,691330,535018,560347,564892,569243,565532,562415,604293,614859
20221,11200615,금호2?3가동,6738504,3066526,3671977,1220874,695149,1102570,1100100,1005627,1614185,1841781,1371234,738920,744372,1125149,917047,944416,947422,951549,942298,943823,998224,1010771
20221,11200620,금호4가동,3018820,1360152,1658668,451909,290576,567242,518057,438372,752665,758601,615347,350794,368489,532576,393014,421006,423773,424934,422878,425132,449898,451198
20222,11200590,금호1가동,3700931,1619648,2081283,629468,354891,666037,696347,503166,851022,985123,756739,396578,421784,641868,498838,523390,514649,517183,512754,512267,550835,569851
20222,11200615,금호2?3가동,6509677,2954763,3554913,1120173,672941,1074433,1076328,981083,1584720,1844349,1302296,665823,696918,1096085,904207,919225,905580,908784,904569,905632,968210,997677
20222,11200620,금호4가동,2888824,1298397,1590427,427203,285052,537268,501242,422685,715375,743755,586185,318815,344550,511209,384310,406386,402782,403115,403317,405441,432861,434921
20223,11200590,금호1가동,3692816,1620300,2072516,653394,353214,651480,688787,498858,847084,981224,762118,399527,419914,635445,494588,525490,517497,514460,514207,513215,545153,562796
20223,11200615,금호2?3가동,6382782,2897509,3485273,1116704,646123,1054096,1050187,969170,1546500,1809030,1280478,664560,688058,1060710,879949,906555,899511,890874,889883,892751,938626,964582
20223,11200620,금호4가동,2971387,1336409,1634980,454792,296562,553657,510769,430991,724616,778387,607704,329858,348099,511690,395648,414944,418089,419745,419689,422003,438776,438142
20224,11200590,금호1가동,3635564,1599913,2035650,660965,333956,639671,692427,494309,814236,967357,752640,390420,411750,628468,484929,514814,503270,506029,502542,508554,543093,557261
20224,11200615,금호2?3가동,6382643,2883275,3499368,1085617,639819,1062216,1075014,965954,1554022,1826425,1277075,651008,677710,1063397,887028,909955,887443,887362,885167,880240,953385,979089
20224,11200620,금호4가동,2983021,1338557,1644465,439445,298119,554042,521374,435090,734951,782723,609702,328921,347690,516186,397799,420633,416097,416556,419001,421573,444686,444475
20231,11200615,금호2?3가동,6545677,2951220,3594458,1107411,675203,1086313,1113656,978601,1584496,1851990,1321332,685893,699858,1087401,899204,922564,912752,920455,910794,910499,973346,995268
20231,11200620,금호4가동,2965226,1332853,1632373,431725,304716,539842,518373,440475,730096,765751,597820,331355,349745,522756,397799,414151,416508,415412,415600,417657,442232,443664
20231,11200590,금호1가동,3528004,1555365,1972639,626740,325828,629199,678933,487523,779780,909199,737847,393404,410536,613392,463626,492376,491447,493226,488878,491540,528407,542129
20232,11200590,금호1가동,3242485,1422444,1820041,544928,299275,582450,651074,449039,715719,847965,665393,347294,373216,572838,435779,457038,452455,449488,443201,449608,489121,501575
20232,11200615,금호2?3가동,6301428,2830273,3471155,1025993,652471,1061774,1094789,951820,1514580,1788896,1263166,646522,672166,1056734,873947,891045,884992,870959,877727,880614,943522,952568
20232,11200620,금호4가동,2890423,1295936,1594488,389451,300903,536137,506703,446352,710876,757016,585975,312361,334247,505550,395275,408852,405924,405448,403733,407664,429551,429252
20233,11200590,금호1가동,3202194,1402191,1800003,554939,295345,566523,636906,444515,703967,818582,659409,351950,376234,568811,427207,447542,444518,444102,443127,444112,480760,498033
20233,11200615,금호2?3가동,6508017,2937802,3570215,1067269,674714,1081246,1120507,992616,1571665,1849357,1309379,675436,696570,1078775,898500,919260,914076,908228,909281,904475,961369,991328
20233,11200620,금호4가동,2956902,1331137,1625764,417675,316576,531578,514862,452851,723359,781599,604470,323696,340554,508123,398459,418458,414953,416038,416665,417254,434794,438740
20234,11200590,금호1가동,3191938,1393785,1798152,558579,281461,559962,643419,453462,695052,813344,658419,349130,375041,569722,426280,451018,441663,440285,439262,441571,484076,494061
20234,11200615,금호2?3가동,6578299,2977605,3600695,1061963,669860,1101834,1145756,1014432,1584455,1867289,1332986,681877,699955,1092112,904082,935900,919305,913413,915252,917007,982865,994555
20234,11200620,금호4가동,3064288,1396770,1667518,423333,324260,558700,543629,467287,747079,818423,631966,330601,352317,519969,411014,435524,428733,426582,428672,434612,456343,453823
20192,11140625,다산동,3094943,1454004,1640940,380963,489382,529607,486381,434877,773733,784226,640012,383584,376830,513437,396855,447837,451079,451867,451952,448599,422312,421298
20193,11140625,다산동,4627692,2187819,2439873,549981,747772,810749,726724,654498,1137970,1174301,962586,572181,565102,765504,588018,670888,680466,681674,667610,667162,632089,627805
20194,11140625,다산동,4556810,2130264,2426547,541597,748780,819378,717091,643802,1086162,1147633,954521,570343,560945,751938,571432,663474,669834,656585,659254,666315,621199,620150
20201,11140625,다산동,4632750,2158681,2474070,523926,758170,832595,738430,658643,1120984,1180956,970091,572085,563416,758461,587742,670787,679665,674932,675733,670769,630674,630187
20202,11140625,다산동,4559353,2126676,2432677,510125,751916,809815,733762,655617,1098118,1173178,953461,555260,546339,745317,585795,665243,663469,666336,663748,662757,622797,615001
20203,11140625,다산동,4545314,2120454,2424860,482079,742754,814725,733322,658652,1113781,1179931,952491,551642,543420,735883,581949,660981,664212,660330,664262,662488,621515,611527
20204,11140625,다산동,4449658,2084954,2364705,475014,715896,801548,730259,648323,1078619,1133539,933655,548342,539303,728891,565930,652369,654564,655121,644449,636025,604452,602679
20211,11140625,다산동,4430567,2075514,2355053,497055,694637,790539,723832,651416,1073089,1131051,928044,546083,536709,726806,561874,643838,649678,647476,643297,635860,606731,603686
20212,11140625,다산동,4426072,2068273,2357799,515874,704624,789815,728439,644026,1043293,1130005,929263,547847,535583,722037,561335,645909,648325,640906,650026,647406,600434,593066
20213,11140625,다산동,4077638,1901733,2175905,479827,631830,725814,669885,593457,976822,1033343,859968,508188,499164,665822,511153,591223,595006,596329,599409,599790,551978,543903
20214,11140625,다산동,4106836,1934433,2172403,480106,643372,742194,668782,609862,962522,1028488,865399,516778,505759,676354,514060,596350,604817,605383,602897,599049,550257,548083
20221,11140625,다산동,4072270,1925389,2146881,471815,647028,733686,660358,601784,957599,1018673,858428,511985,501877,673245,508060,590603,589773,591768,598148,596042,554463,551472
20222,11140625,다산동,4295974,2019842,2276131,542286,687211,775094,685911,624920,980551,1089654,913803,534485,519359,699307,539365,625968,632689,625888,625183,626344,580838,579063
20223,11140625,다산동,4121578,1937552,2184027,507260,652587,755540,660594,601514,944080,1053621,881854,512448,498530,659919,515207,596908,607203,610292,605501,598322,551111,552241
20224,11140625,다산동,4286232,2014399,2271833,531095,664298,804268,686828,628171,971572,1075798,916431,543126,527133,692084,531663,621879,629947,627609,629384,623755,575065,578592
20231,11140625,다산동,4291608,2031824,2259785,520866,663499,803643,702282,629461,971857,1085523,913496,537903,524323,695238,535126,620877,624513,626574,630109,626794,582394,580348
20232,11140625,다산동,4286243,2024928,2261315,548691,653175,802940,703828,624079,953529,1083037,917951,541630,522064,690424,531137,620196,624196,629137,629176,624667,580974,577897
20233,11140625,다산동,4138947,1958395,2180551,503565,627508,778280,678642,618853,932098,1044157,880552,520696,503901,673490,516149,607401,609772,605480,600759,596813,557666,561054
20234,11140625,다산동,4297086,2019965,2277121,523781,661248,813507,710000,634968,953580,1092435,912608,536951,521759,699686,533646,618241,627409,628143,629840,630219,585094,578139
20191,11140580,장충동,2369860,1219660,1150200,195684,609744,430868,361959,323912,447694,461784,522487,390636,374418,391720,228816,354842,351412,361542,366827,355349,299017,280874
20192,11140580,장충동,1740545,883372,857173,162628,476971,302880,255203,229617,313245,328771,381645,289271,276762,294801,169294,262210,269770,267888,260582,259517,220208,200372
20193,11140580,장충동,2630369,1349539,1280831,206012,671995,495856,415522,361775,479210,521595,580992,421223,406860,437553,262146,401634,414409,407865,389508,387164,317076,312715
20194,11140580,장충동,2597255,1322050,1275203,203381,710622,458612,387620,353923,483096,519585,568939,416268,400903,433191,258367,391706,398292,386584,388804,389260,326145,316461
20201,11140580,장충동,2173660,1135458,1038202,158180,539176,404317,348345,305350,418292,454060,489257,341135,328906,342662,217641,324568,337209,329867,335657,324509,261940,259909
20202,11140580,장충동,2138258,1107455,1030804,164715,561817,379233,328399,295660,408433,469648,482401,325930,311694,327790,220793,326180,327377,327456,327561,322368,259825,247492
20203,11140580,장충동,2041092,1055142,985950,136072,532632,367031,319469,291420,394468,451262,461196,310490,297195,309871,211079,304927,312875,306050,315748,310214,252205,239074
20204,11140580,장충동,2021659,1050964,970695,139105,536979,360713,316181,280585,388099,445665,455170,307890,296304,307809,208822,310211,314756,312595,301160,291137,250981,240821
20211,11140580,장충동,1975671,1030550,945121,135671,497098,367400,319622,278976,376904,437895,444811,300842,290101,299140,202881,298780,307449,304246,298966,288377,242623,235230
20212,11140580,장충동,2052515,1066191,986324,137791,524951,383516,337855,288625,379777,454888,462234,315059,301374,309005,209953,311731,317294,307264,314750,308137,252593,240746
20213,11140580,장충동,2031679,1059189,972489,121808,514992,385432,339501,293187,376758,453449,462394,308090,294485,302734,210524,299238,305867,308940,314718,309679,252266,240971
20214,11140580,장충동,2166825,1117242,1049583,125812,563217,412887,359868,310609,394431,472778,487781,333841,321649,329667,221108,316791,330922,333051,329578,323693,271408,261379
20221,11140580,장충동,2100143,1068038,1032105,140873,546183,396042,349363,292195,375484,466120,468548,318407,307126,321428,218514,314655,310662,310203,322727,318100,266084,257711
20222,11140580,장충동,2282214,1153803,1128411,177185,607581,420637,371063,308829,396919,498789,509934,354145,336544,351113,231688,344785,349751,343021,341975,337518,288789,276374
20223,11140580,장충동,2237927,1125080,1112847,173914,584984,412840,369515,309312,387362,480961,500754,346646,330954,351782,226831,321856,342390,344028,345755,326239,280413,277246
20224,11140580,장충동,2370640,1190922,1179718,193517,672081,422598,370969,322897,388578,503777,521005,370174,354386,380575,240723,343916,359678,358659,362205,347430,302985,295768
20231,11140580,장충동,2268052,1148611,1119441,184855,612824,410660,359420,318963,381330,486371,503615,352203,338354,357413,230097,335103,345010,340640,346723,338488,283621,278466
20232,11140580,장충동,2428415,1223829,1204586,200687,702316,420894,375479,329695,399342,511374,539296,386497,364382,382443,244422,357326,371718,373676,372776,351406,307842,293671
20233,11140580,장충동,2268592,1148857,1119737,155002,609594,415619,368234,327634,392510,477400,509424,360864,341451,353397,226057,347403,347901,342817,336425,328289,284976,280783
20234,11140580,장충동,2247393,1121282,1126110,161547,659585,395539,346591,311583,372547,464869,491591,359020,340925,366122,224866,324936,340651,349921,347077,329982,277942,276885
20191,11140645,청구동,3911798,1825418,2086380,552122,506015,628866,595366,559000,1070429,1061522,823657,451364,440924,623929,510400,557998,559332,559158,557815,558499,554645,564351
20192,11140645,청구동,2510987,1178216,1332771,382731,317930,404370,379954,355794,670208,685078,530715,293558,283506,393823,324306,362752,357431,362275,362174,361599,348265,356492
20193,11140645,청구동,3499897,1643211,1856685,527473,443237,557693,530932,496649,943913,975572,737088,400796,388682,543243,454516,509111,504816,504183,502621,488884,488503,501781
20194,11140645,청구동,3574169,1667947,1906222,581790,434787,564688,539899,521797,931208,996800,762159,415863,396271,546378,456697,519430,517310,514192,512480,509718,494309,506731
20201,11140645,청구동,3733581,1704900,2028681,534172,489599,594529,569207,572292,973781,1033024,779883,430646,418372,589422,482232,532859,532670,533694,534066,528597,531082,540614
20202,11140645,청구동,3761188,1712073,2049116,538191,515585,598481,568991,578129,961810,1044338,784271,431768,420936,592456,487418,538640,538273,539207,536143,534927,532088,541908
20203,11140645,청구동,3770634,1724046,2046588,539508,510412,616438,567902,589910,946464,1039602,783223,435872,426655,597395,487887,541410,538006,536867,537898,535476,535874,545104
20204,11140645,청구동,3765743,1731091,2034654,554776,496431,630001,571618,585686,927231,1026653,782428,438327,425754,604667,487917,540805,540963,537598,538517,533119,530613,544128
20211,11140645,청구동,3785824,1747465,2038360,554662,499647,633886,572746,600430,924453,1033992,784945,435732,427602,609509,494043,541793,540478,536427,539621,538239,540730,548537
20212,11140645,청구동,3611179,1675575,1935604,548491,471827,596662,546330,564543,883326,994605,751237,417431,407186,572283,468435,520704,517997,516517,517964,515163,508972,513861
20213,11140645,청구동,3325722,1541593,1784128,493619,441260,558446,492562,525904,813930,900793,685865,387881,383836,538911,428434,474077,475271,476780,476347,470936,474333,477978
20214,11140645,청구동,3252604,1522664,1729941,511350,420719,553269,485530,505947,775789,868878,673095,385523,378304,530469,416338,465875,464573,464312,462723,462124,462603,470395
20221,11140645,청구동,3269723,1531647,1738077,511852,418961,550971,498662,503441,785837,864934,675083,388291,383382,538570,419466,463141,461979,464059,464217,464859,472802,478667
20222,11140645,청구동,3206609,1517571,1689038,557101,404324,525248,480377,484444,755115,851160,669278,385767,373042,519896,407466,459628,460950,459370,459114,457134,450321,460095
20223,11140645,청구동,3154034,1488619,1665414,530898,398206,519751,471565,483132,750482,839562,653385,373135,368187,514657,405106,455318,454509,451222,449000,447732,443830,452424
20224,11140645,청구동,3281357,1545890,1735468,585592,399961,547585,483313,494001,770905,891083,688877,386358,373700,521157,420180,472835,467840,471104,469024,466989,459889,473675
20231,11140645,청구동,3347230,1570162,1777068,565151,405596,566610,505439,513515,790920,923428,699381,386176,374548,531267,432431,476502,476141,477196,476176,474271,478065,488879
20232,11140645,청구동,3321724,1551847,1769878,577636,397517,567998,512242,498921,767410,919529,690961,383792,372865,524651,429926,473908,472861,476832,477174,473056,470310,477586
20233,11140645,청구동,3292410,1515993,1776417,540986,403325,562036,505944,495558,784564,916420,683148,377180,371498,518140,426024,475813,472982,468519,467789,463028,463329,480951
20234,11140645,청구동,3291551,1512158,1779392,556845,386515,574329,504074,494442,775345,909014,693268,385112,370420,513051,420685,471938,469715,469454,469640,468925,466315,475563
20191,11140665,동화동,2948706,1381449,1567256,386521,380586,446283,486488,505047,743784,696758,606209,375012,385887,524094,360746,417590,422386,421530,424312,423219,421907,417762
20192,11140665,동화동,1883001,861349,1021652,241705,243734,287802,307974,329901,471885,447234,384481,237630,246069,336366,231221,268376,269091,273676,271981,270413,263986,265479
20193,11140665,동화동,2582312,1199696,1382615,327837,339575,407010,422734,443249,641906,599128,524012,334388,343827,464504,316451,372728,375318,374271,372592,361973,362518,362911
20194,11140665,동화동,2738064,1254646,1483417,351337,354888,420364,442482,487504,681491,637740,554440,350938,360068,496236,338643,393440,395678,399087,394888,391992,383562,379416
20201,11140665,동화동,3091253,1416210,1675043,411540,401558,468983,484189,561087,763898,723221,626774,401849,409877,554341,375193,441461,446608,446511,444037,442400,436970,433267
20202,11140665,동화동,3139947,1455476,1684473,416393,412995,490642,491960,571022,756936,730570,639990,409756,418321,561402,379911,449669,453268,454143,452059,451775,442475,436558
20203,11140665,동화동,3106582,1449559,1657024,399022,412705,486678,496988,559045,752143,718120,626873,406617,418329,561056,375588,446892,446815,448907,448307,445212,437782,432664
20204,11140665,동화동,2963270,1385489,1577780,378229,394570,464104,475570,527428,723368,684755,596237,388854,400633,536259,356532,424969,428380,430349,424997,421685,415195,417695
20211,11140665,동화동,2912356,1367677,1544679,378874,386032,458771,464463,523559,700657,669204,587789,385507,395918,526340,347597,417232,420102,419030,417491,415435,414266,408800
20212,11140665,동화동,2838487,1323154,1515333,352373,383090,442610,447420,522377,690619,656468,566368,370479,386690,516850,341632,404746,409559,408503,410092,409852,401929,393806
20213,11140665,동화동,2545658,1197739,1347918,318890,342036,405843,401931,471799,605159,616718,508907,325198,335613,447795,311428,360602,367141,366117,370293,368056,357035,356414
20214,11140665,동화동,2454302,1157677,1296625,297530,319063,394665,397062,454224,591758,610921,490047,306085,316268,427039,303942,351841,351185,354076,352379,354277,347853,342692
20221,11140665,동화동,2472955,1165778,1307178,303859,326815,385736,403738,449697,603109,610799,497486,312670,320719,427709,303573,350279,353276,357536,357572,356985,352961,344345
20222,11140665,동화동,2637631,1230761,1406870,305962,357005,403507,430607,477965,662585,661541,524617,325176,337218,460096,328983,377521,379012,381309,378137,377805,373259,370587
20223,11140665,동화동,2868966,1350942,1518025,318351,387759,459008,457399,517892,728559,697608,573036,366535,375795,502400,353593,409176,419061,422454,418171,409920,396324,393860
20224,11140665,동화동,3289273,1553091,1736181,388643,435067,514617,515867,595904,839174,800965,657681,414207,427365,580848,408206,474063,471023,475072,471903,469929,463871,463411
20231,11140665,동화동,3419860,1617996,1801865,411764,448537,525463,533881,611440,888776,810323,682949,439991,453521,613010,420068,484053,489539,497309,493389,491827,482803,480941
20232,11140665,동화동,3263410,1534469,1728942,377538,417991,511310,513769,594564,848239,783921,643987,412516,428252,589649,405086,465778,468026,468539,470190,471160,461041,458676
20233,11140665,동화동,3105627,1452199,1653428,371857,397302,475129,491976,564193,805171,744666,615547,396475,408941,555940,384060,444928,447510,451525,448040,443029,435528,435067
20234,11140665,동화동,3369049,1589450,1779598,409700,445280,514022,543730,606615,849701,799641,673142,432279,445578,604327,414081,482507,485961,488868,485611,484304,474204,467597
20191,11140615,신당동,6320342,3062321,3258022,439649,1098460,1257720,1085271,1099080,1340161,1499177,1265418,847349,836973,1059245,812180,923189,920754,938333,961157,963781,860774,752355
20191,11140650,신당5동,5075589,2364996,2710593,560250,715279,842079,814262,872823,1270896,1151058,1016909,663238,673744,928455,642184,713392,716518,726680,735665,738140,733244,711949
20192,11140615,신당동,4250794,2045339,2205455,294662,722680,858686,733429,748193,893145,1013709,861708,569565,555590,704837,545385,630370,646627,646754,638880,639642,557981,490540
20192,11140650,신당5동,3245142,1490079,1755062,342852,466428,559001,515460,555682,805719,739976,652969,421529,425454,595140,410072,459080,461769,466393,465544,468216,465293,458846
20193,11140615,신당동,5940463,2892312,3048150,405129,1027051,1212828,1032140,1024171,1239143,1414649,1212973,799092,773790,980848,759111,883939,921315,908339,879835,887864,772090,687080
20193,11140650,신당5동,4939129,2286021,2653108,522165,719065,858480,785900,807158,1246363,1172885,1014228,630963,631224,874237,615592,707443,711187,709674,704474,691432,706160,708760
20194,11140615,신당동,6088089,2929783,3158307,417453,1047829,1278857,1051928,1052648,1239375,1439663,1227965,814091,797953,1022297,786120,905425,921721,914392,911769,928904,802558,703322
20194,11140650,신당5동,5334809,2471739,2863070,590556,753190,898077,837244,889950,1365793,1241384,1083778,680994,690684,964972,672997,762658,766644,767812,757501,753045,762520,764631
20201,11140615,신당동,6030407,2956140,3074267,388562,1039030,1252111,1047182,1075115,1228408,1433451,1210538,792802,787828,1030858,774930,881862,917633,913854,905569,902405,786213,722871
20201,11140650,신당5동,4964450,2293094,2671356,560876,709344,825293,800500,835093,1233344,1107602,997759,647714,667225,926999,617151,701258,713833,711851,710787,710261,714031,702430
20202,11140615,신당동,5950993,2952283,2998710,386653,1024975,1233916,1037447,1064228,1203773,1440534,1210491,785051,764194,985468,765256,888284,902708,899627,896776,895104,768703,699791
20202,11140650,신당5동,5098130,2355830,2742298,608018,744609,854526,832726,851847,1206402,1123830,1026152,668448,692759,958323,628616,723831,723920,725281,725256,728397,740646,730802
20203,11140615,신당동,5790153,2865523,2924631,384719,1024405,1192338,996274,1019304,1173114,1411603,1184794,762561,740183,952238,738774,858154,879476,860001,877279,879750,754065,681428
20203,11140650,신당5동,4981455,2317272,2664182,605130,736801,835798,805512,838034,1160181,1099583,1006802,653320,677602,932137,612008,710703,708877,706331,708187,712064,724666,710630
20204,11140615,신당동,5751376,2837742,2913634,366102,995799,1194776,1000149,1007628,1186923,1411795,1170996,754255,731449,944119,738763,863697,888785,882563,846679,845286,739674,684693
20204,11140650,신당5동,4847489,2256058,2591431,579417,722336,817295,780268,823292,1124882,1066619,973107,632319,663056,916500,595887,692041,690475,691554,683891,684198,705411,699919
20211,11140615,신당동,5564426,2737453,2826972,343577,965791,1142122,960428,969179,1183329,1340654,1126530,738304,723441,931472,704023,827552,855861,844053,830419,813811,721364,671365
20211,11140650,신당5동,4773473,2220863,2552611,559521,711944,817134,765362,825752,1093759,1051121,947708,623168,656699,909516,585262,675643,678676,677415,673726,668424,701799,697794
20212,11140615,신당동,5809012,2831831,2977183,389461,994308,1192777,1007101,1006531,1218833,1391617,1182908,773855,753815,968777,738038,864687,884140,868989,875936,878328,753829,683102
20212,11140650,신당5동,4748354,2177303,2571050,521506,723956,802809,767395,832151,1100536,1046497,937704,615377,648567,910659,589551,668974,673712,673305,675432,676044,697187,683701
20213,11140615,신당동,5809273,2842759,2966514,381069,1014930,1184373,991809,1001792,1235300,1350725,1183390,789926,778473,990585,716172,844219,865618,871426,878747,886137,764291,698837
20213,11140650,신당5동,4785231,2215376,2569855,533371,728658,810838,757784,839805,1114776,1071470,952226,623323,645866,899846,592501,673002,674689,683441,688384,688104,696855,680757
20214,11140615,신당동,6048726,2955385,3093341,395189,1077013,1228600,1056150,1027359,1264414,1407351,1216298,821195,812207,1035448,756228,882195,913148,917189,909906,909061,790415,726810
20214,11140650,신당5동,4862802,2262002,2600800,526476,759922,817675,775135,856551,1127043,1093113,959948,623842,651918,923039,610942,684613,692737,696612,693278,695753,707267,692542
20221,11140615,신당동,5806240,2838310,2967930,383907,1036176,1151195,1026486,994103,1214372,1341165,1177810,788324,782294,998871,717776,849619,862582,867393,877173,881436,760018,708020
20221,11140650,신당5동,4743028,2213020,2530008,520628,734272,796927,768801,829150,1093248,1052375,934859,615621,643416,904890,591867,663863,667683,671890,674819,680438,700703,683631
20222,11140615,신당동,6096949,2944472,3152476,433426,1078718,1195294,1070073,1052380,1267059,1402070,1236479,830148,812374,1050430,765448,907867,934258,929543,921296,897947,757464,748574
20222,11140650,신당5동,4674236,2150972,2523265,491551,725556,788944,750465,834820,1082900,1041866,916183,597048,622108,899495,597537,660252,664315,666361,660654,665035,682784,674837
20223,11140615,신당동,5775806,2796862,2978944,379036,1056206,1146886,996244,989131,1208303,1336427,1173465,785308,765545,992962,722099,845490,886918,900587,884685,841157,708466,708504
20223,11140650,신당5동,4184784,1930584,2254201,454269,643932,708749,659383,734967,983484,950904,820872,530226,549051,793704,540029,592075,597642,592427,594172,595418,608166,604884
20224,11140615,신당동,6102354,2964320,3138036,397141,1120270,1234299,1056046,1026592,1268006,1417135,1234148,833770,808198,1042954,766149,908117,929336,935525,931339,894515,754862,748660
20224,11140650,신당5동,3922010,1818335,2103675,408643,609662,675425,620351,683543,924387,914431,767580,487902,503782,735534,512783,548915,553850,554289,554085,557297,580059,573516
20231,11140615,신당동,5752925,2801104,2951821,342752,1036299,1171718,997942,983188,1221026,1325444,1156593,787207,767553,992511,723619,850116,872149,871885,884957,852899,723098,697823
20231,11140650,신당5동,3970529,1857015,2113515,429239,604601,686781,627127,684697,938086,939819,774082,489179,505561,740154,521732,552638,559561,562001,562207,569855,588213,576057
20232,11140615,신당동,6048607,2916373,3132234,379799,1101750,1241689,1030659,1051512,1243197,1389797,1215357,816485,799653,1060867,766448,899192,918489,923841,926345,888581,753682,738476
20232,11140650,신당5동,3839049,1795462,2043587,448392,584771,655700,595571,651122,903495,911823,745215,465559,483960,720023,512471,541917,540487,540364,541841,546561,566051,561828
20233,11140615,신당동,5954272,2864916,3089357,385809,1080887,1220034,1017373,1013226,1236943,1374427,1198797,800797,789894,1041037,749321,896383,910855,905785,889605,867928,751694,732022
20233,11140650,신당5동,3692785,1725235,1967550,429223,559816,642200,569970,619728,871847,864544,719987,454882,470059,695361,487951,519914,519609,520975,516521,521570,545340,548856
20234,11140615,신당동,5797143,2800390,2996752,370722,1031813,1177515,1019426,981783,1215884,1380744,1164234,771014,752102,991643,737402,851732,878632,893849,892264,864287,713571,702808
20234,11140650,신당5동,3723350,1751937,1971413,424410,561072,641438,582961,637201,876267,891343,734323,452203,466302,691532,487648,517064,519522,520705,522888,529795,559921,553455
20191,11170685,한남동,6481007,3136764,3344242,501843,1184315,1539827,1127171,819518,1308332,1551267,1361570,841369,860204,1092878,773717,904459,918592,924293,930311,946056,941216,916081
20192,11170685,한남동,4221149,2052374,2168775,305156,774033,1020983,752094,543080,825803,1001107,886703,549776,563167,715995,504401,588695,598991,612627,607258,613178,610711,589689
20193,11170685,한남동,6279022,3072159,3206862,482262,1161428,1514741,1110139,810171,1200281,1473216,1323665,825446,838968,1068803,748923,885149,899226,900760,892629,909807,907806,883643
20194,11170685,한남동,6869216,3353155,3516061,537480,1264343,1639119,1227155,895220,1305899,1588066,1424324,901823,918759,1201041,835202,957604,976554,978491,974930,996275,1015489,969874
20201,11170685,한남동,7252958,3564337,3688621,597616,1309558,1738815,1289197,942223,1375549,1664065,1506937,957445,977589,1270906,876018,1021190,1041299,1038690,1043709,1049093,1043862,1015114
20202,11170685,한남동,6644565,3247934,3396630,513506,1167130,1640164,1211087,876075,1236604,1530685,1383992,875728,892578,1160452,801131,944300,958736,961789,963011,972278,939381,905069
20203,11170685,한남동,6302638,3054611,3248027,495292,1093889,1550106,1164259,831155,1167938,1452340,1313947,837484,850650,1096561,751656,893602,913707,906157,916051,922348,889808,860966
20204,11170685,한남동,6137315,2980850,3156465,472190,1013797,1517291,1149780,832822,1151435,1417232,1282266,814257,824757,1067974,730828,876019,892123,894016,883036,883093,864504,844524
20211,11170685,한남동,6074336,2945215,3129120,483406,994082,1509580,1144246,818199,1124824,1377985,1266454,815955,834686,1070696,708560,866748,880542,881889,875335,869988,856330,843502
20212,11170685,한남동,6122475,2965366,3157109,474478,1041229,1527970,1144793,824178,1109826,1387637,1258232,816844,844573,1097187,718002,866132,879309,881851,881573,887290,873686,852635
20213,11170685,한남동,5934848,2890409,3044439,474055,976498,1475117,1119670,804803,1084704,1351192,1231513,799854,825484,1041345,685458,837498,846466,856312,861203,869603,841040,822726
20214,11170685,한남동,6180334,2993555,3186779,501930,1038946,1552074,1171164,836957,1079262,1390024,1263893,826746,860645,1115525,723501,859827,878701,889001,889607,902552,899145,861501
20221,11170685,한남동,6027435,2913319,3114115,538500,970813,1476426,1148364,828434,1064897,1369067,1244036,806944,839915,1074141,693331,844959,855954,867604,871645,883288,867611,836371
20222,11170685,한남동,6136017,2958289,3177728,503037,1048632,1530854,1169179,838557,1045757,1386918,1237938,816227,851586,1112036,731314,849652,863687,871995,873398,890300,913814,873172
20223,11170685,한남동,5940086,2854659,3085426,501594,1012285,1456291,1136969,821942,1011005,1350151,1199380,790015,822466,1072827,705247,822707,837617,852283,853030,864889,870162,839397
20224,11170685,한남동,5901425,2846551,3054873,512568,955806,1436391,1142928,837667,1016063,1318022,1208413,789463,819231,1062330,703967,816650,833020,848077,851381,864542,862911,824843
20231,11170685,한남동,5920967,2855503,3065465,516217,964144,1430516,1145679,835972,1028439,1299049,1218766,808730,836557,1062102,695767,820750,847385,859318,857926,862535,855077,817976
20232,11170685,한남동,5778926,2803180,2975746,491552,936203,1391786,1150016,822886,986483,1279809,1182391,782709,808606,1038968,686444,796523,822003,832825,838306,843981,840146,805143
20233,11170685,한남동,5547533,2675636,2871896,476805,910953,1316616,1086964,787832,968364,1221310,1133423,753927,778773,999351,660749,781132,791151,800742,796358,807275,799000,771874
20234,11170685,한남동,5613231,2693842,2919389,487821,889713,1316990,1127109,805046,986552,1216905,1148198,768135,799037,1017870,663086,776567,798012,815579,816016,829567,808457,769033
20191,11140590,광희동,6232642,3257347,2975295,355442,1179459,1220282,1121908,1046723,1308829,952711,1213663,1092722,1134233,1205513,633801,936250,919762,954635,1004611,990904,785978,640503
20192,11140590,광희동,4319371,2249513,2069858,249075,830747,855315,772869,719968,891395,672311,846437,758358,769035,826591,446639,658758,671468,682574,671164,680441,530480,424487
20193,11140590,광희동,6309320,3259103,3050218,387435,1236387,1264502,1137053,1018724,1265217,989543,1244585,1097708,1119164,1207279,651039,969867,1009664,1001350,957587,971280,769878,629692
20194,11140590,광희동,6574591,3439829,3134763,382630,1259827,1297731,1214342,1100611,1319450,997075,1280756,1162307,1193696,1269861,670895,1018548,1042040,997567,1013109,1054892,805033,643402
20201,11140590,광희동,5945600,3211770,2733830,271434,1078193,1196516,1160039,1044025,1195394,896673,1216335,1075179,1092885,1101426,563102,920851,965272,951840,968900,943759,651604,543374
20202,11140590,광희동,5940741,3211657,2729083,270640,1089412,1213344,1158642,1035687,1173016,920547,1231108,1071456,1075534,1078210,563887,945956,942693,952669,955472,950595,657408,535946
20203,11140590,광희동,5867432,3184855,2682577,270788,1111488,1178002,1139952,1017927,1149274,931969,1233826,1039341,1043305,1056919,562073,905211,937505,915734,951141,949163,662659,546016
20204,11140590,광희동,5919261,3209028,2710232,263090,1118737,1205437,1150336,1016392,1165266,945560,1245353,1037973,1049967,1069921,570488,943829,968465,962313,919681,891172,670401,563402
20211,11140590,광희동,5648100,3060268,2587832,255510,1073734,1167551,1089483,970865,1090957,875695,1191092,1003325,1016789,1034981,526220,888785,926790,921278,889396,855428,628460,537963
20212,11140590,광희동,6100604,3265921,2834682,312446,1152307,1280437,1166939,1026074,1162401,960955,1295242,1078717,1081328,1103980,580383,961781,975328,935335,976938,971523,690307,589392
20213,11140590,광희동,5419794,2874559,2545235,264909,1051296,1138450,1030823,897934,1036381,882588,1159214,950675,951927,962161,513229,815307,834547,847432,881383,875953,627044,538128
20214,11140590,광희동,5735433,3014882,2720550,286134,1129384,1206827,1092802,940145,1080141,923087,1206258,1003074,1016566,1033608,552839,850966,900276,911264,911564,902199,678116,581049
20221,11140590,광희동,5429807,2833203,2596602,287533,1099513,1130382,1023823,882982,1005572,909695,1136136,926318,937402,981761,538492,832984,821485,826783,870652,868119,643239,566543
20222,11140590,광희동,6021149,3116893,2904255,358845,1219222,1247791,1111281,972452,1111560,988232,1261863,1037404,1038602,1088541,606511,912887,951689,933430,938903,942581,716471,625187
20223,11140590,광희동,5985472,3099815,2885658,374582,1224840,1229020,1096058,976472,1084501,1002308,1265506,1019225,1022073,1072258,604103,886587,941571,960890,963102,920424,688986,623911
20224,11140590,광희동,6200061,3205233,2994828,387660,1297909,1272325,1121194,1004402,1116570,1028826,1290280,1059862,1071149,1121366,628579,913631,974276,985050,993875,967848,720867,644515
20231,11140590,광희동,6115111,3155428,2959684,362302,1290026,1285986,1093202,993150,1090444,1015801,1274558,1039467,1052915,1110295,622075,934380,955732,957548,986342,951587,703715,625810
20232,11140590,광희동,6356267,3255902,3100366,414786,1321416,1344074,1127142,1016148,1132703,1059727,1324149,1081963,1090717,1147079,652632,955782,990901,1022265,1037940,983953,721520,643910
20233,11140590,광희동,6133269,3131211,3002057,353443,1272231,1334958,1102011,986510,1084115,1006496,1287744,1052053,1057844,1106744,622387,965465,968889,982208,960776,933172,696184,626574
20234,11140590,광희동,6737324,3402159,3335164,391854,1456410,1427945,1194304,1074585,1192225,1092117,1398867,1143854,1162386,1245704,694394,984735,1050438,1085777,1091723,1057548,774561,692541
20191,11200520,왕십리2동,4486970,1975593,2511377,751365,624452,766277,674088,624678,1046108,1313577,931162,465829,463931,697233,615236,633314,632010,629923,625409,624343,664575,677398
20192,11200520,왕십리2동,2952196,1282506,1669690,474861,420485,522079,450310,409062,675397,883279,613114,295448,294409,454595,411350,416139,413416,414029,415406,413861,431967,447378
20193,11200520,왕십리2동,4642989,2042389,2600599,756870,663024,837870,713020,641738,1030466,1385492,963588,473809,472212,712045,635844,661741,658360,657603,651191,644676,675435,693984
20194,11200520,왕십리2동,5196239,2279948,2916291,855169,721134,935866,818932,712048,1153091,1538870,1079927,531984,532240,803143,710075,734721,730340,742624,736818,719443,752392,779898
20201,11200520,왕십리2동,5354686,2347133,3007553,929476,743696,956518,834173,731011,1159814,1523520,1116124,582535,571354,843395,717760,757243,754996,759081,752116,749974,778221,803054
20202,11200520,왕십리2동,5238169,2305718,2932450,917186,735534,929060,818713,723740,1113937,1455387,1087052,579714,574953,843253,697811,741265,741476,738856,737762,735678,763413,779721
20203,11200520,왕십리2동,5181971,2282303,2899667,884532,738806,909368,806639,733062,1109564,1437327,1067580,573617,575235,839083,689129,733684,728600,735502,731923,725400,752297,774566
20204,11200520,왕십리2동,5044051,2223860,2820191,847318,712556,893321,787133,730536,1073186,1385711,1035005,557526,562284,828427,675097,709453,708437,711066,711080,711329,733927,758757
20211,11200520,왕십리2동,4970209,2197906,2772301,814072,711448,869711,789741,722146,1063091,1352839,1022290,557971,559128,815422,662557,704498,698259,698556,699846,699338,725857,743856
20212,11200520,왕십리2동,4717184,2071915,2645269,746689,694827,822479,751879,695429,1005879,1311313,963894,513235,521486,771420,635835,664794,664435,668296,663385,666135,686498,703641
20213,11200520,왕십리2동,4502488,2002367,2500120,728441,645255,795349,723255,651894,958295,1246502,923107,496021,497802,732819,606239,634219,636623,642160,634648,632685,655277,666876
20214,11200520,왕십리2동,4293136,1915712,2377424,658820,626262,759190,700947,626739,921181,1203983,880545,462086,465973,699519,581031,611343,605714,602867,600174,600834,628327,643878
20221,11200520,왕십리2동,4639702,2079112,2560590,697224,702256,823460,745480,677815,993468,1280417,953865,512632,512175,759312,621301,653624,652897,656831,650672,650631,680533,694514
20222,11200520,왕십리2동,5011373,2224039,2787334,678900,826259,905075,797421,739829,1063889,1451009,1018198,518564,526056,812334,685212,709815,699385,701108,698077,702001,739876,761112
20223,11200520,왕십리2동,4667887,2075247,2592640,641789,777539,847332,721977,694100,985147,1359065,946081,484774,490170,747956,639840,665531,655397,654448,653088,652924,683629,702867
20224,11200520,왕십리2동,4727549,2077940,2649609,640864,801551,858173,729512,695922,1001528,1376585,958710,484790,493417,763691,650356,670691,655272,658424,655932,658457,705906,722867
20231,11200520,왕십리2동,4699053,2074646,2624407,636107,784444,859454,718921,690486,1009641,1351807,959506,493392,497369,758678,638302,657882,653813,659364,653595,655260,701549,717589
20232,11200520,왕십리2동,4437285,1960271,2477014,580652,735266,835259,692016,646477,947616,1311026,899009,449466,457417,709103,611265,625369,619601,618822,614788,617192,664976,676537
20233,11200520,왕십리2동,4457637,1968318,2489319,603944,720180,837751,688755,643571,963435,1315373,901032,456635,464937,710018,609641,628822,623565,621627,620873,616290,660411,686048
20234,11200520,왕십리2동,4474283,1988322,2485960,600270,728650,850212,687868,654528,952752,1340872,909007,448049,455657,708652,612045,632519,620545,620315,620128,622230,673060,685485
20191,11200560,행당1동,6702867,3086389,3616478,881038,1274731,1113043,1016844,940495,1476716,1511512,1339423,844407,861207,1281767,864550,939188,942752,955011,966595,976013,982778,940529
20191,11200570,행당2동,4261690,1904205,2357486,829268,463134,651543,691394,579869,1046485,1162256,907694,463904,452309,691071,584457,594846,605949,600288,597252,606439,620887,636031
20192,11200560,행당1동,4258067,1937944,2320123,606279,813052,709245,641873,586722,900897,970678,861988,531568,539199,805864,548771,604446,608611,613827,613345,599782,619036,599021
20192,11200570,행당2동,2658181,1163404,1494777,527481,280028,407537,439006,360183,643948,733663,561431,283403,279283,431822,368578,373990,370759,374308,376558,376752,386984,398829
20193,11200560,행당1동,6453413,2931556,3521858,911310,1210205,1080324,985287,898338,1367949,1526366,1313693,792943,804157,1191568,824685,917597,928662,924523,919462,913149,931275,918746
20193,11200570,행당2동,4019323,1763499,2255825,781142,432922,626159,676335,551276,951491,1129371,850549,425663,418491,639505,555743,577392,565422,570611,566734,559244,578560,601359
20194,11200560,행당1동,6485937,2967470,3518468,954235,1204380,1088232,991315,895669,1352106,1543991,1312924,790118,802348,1206610,829946,895810,906790,915710,922815,935467,967676,941671
20194,11200570,행당2동,4224052,1873569,2350483,844275,436707,673987,710214,580855,978012,1207026,892743,436523,430428,669298,588037,596358,595019,603544,595046,590482,608308,635295
20201,11200560,행당1동,5730530,2637849,3092682,801368,1010543,994302,913022,800477,1210818,1396485,1165434,688015,702236,1045759,732600,809139,813257,819770,816119,815587,832337,824324
20201,11200570,행당2동,4443791,1970710,2473080,896686,477820,701690,743006,608951,1015638,1221462,938147,488469,476427,715267,604018,629120,625584,630099,626047,628802,645728,658411
20202,11200560,행당1동,4865052,2293172,2571880,712097,908329,844318,754752,668766,976791,1170308,987083,577335,595056,902553,632717,694475,698332,700874,696257,701481,699461,674173
20202,11200570,행당2동,4331480,1920423,2411057,910480,472812,674073,731636,587852,954628,1201796,903190,471664,465514,698380,590936,615522,616237,612535,610207,610852,625695,640434
20203,11200560,행당1동,4601077,2172629,2428448,651237,875741,819775,728801,637913,887611,1085849,934708,555927,576466,856119,592009,656765,662807,659024,660301,667159,660707,634314
20203,11200570,행당2동,4457209,1996039,2461171,914948,498733,688064,757117,610412,987938,1242478,926431,485461,479382,716454,607003,638188,627430,630836,628079,626875,645765,660036
20204,11200560,행당1동,4322642,2057032,2265610,631582,832256,743708,681531,606101,827464,992845,873855,535016,555554,817311,548062,615975,622922,622873,617143,620590,624385,598757
20204,11200570,행당2동,4495188,2016747,2478441,921519,498517,706086,764839,611881,992347,1241045,933755,491921,484665,730025,613776,633811,633518,633257,636733,639287,650946,667637
20211,11200560,행당1동,4074871,1935662,2139209,585560,772325,688971,654426,581296,792293,927218,815476,509541,534477,782390,505770,582761,588678,591004,584805,582532,584896,560196
20211,11200570,행당2동,4578123,2051058,2527065,909962,518178,720016,784464,628788,1016715,1265736,958878,501843,490947,737142,623576,652541,646970,643833,645129,648238,665892,675517
20212,11200560,행당1동,4105788,1929952,2175836,621223,781333,697506,666652,572363,766710,926912,818190,506994,534636,796861,522194,587247,581939,586090,590567,597516,595644,566786
20212,11200570,행당2동,4564428,2037064,2527364,920929,524051,718836,775480,627939,997193,1250946,951157,498442,491513,743857,628515,646486,645625,648439,645374,643195,664826,670480
20213,11200560,행당1동,3865396,1827270,2038125,540844,751816,666023,633011,552618,721084,892824,772979,480030,503621,732488,483454,547001,550006,570538,566970,560857,544184,525840
20213,11200570,행당2동,4920541,2207667,2712873,961105,568146,787557,833643,687509,1082581,1325747,1017729,549458,544775,813859,668974,699239,696990,695745,693718,693620,716692,724538
20214,11200560,행당1동,4026649,1916161,2110488,554300,833157,691176,641349,569255,737412,906042,802485,506793,530614,776378,504339,571187,580744,582493,584965,586894,574717,545651
20214,11200570,행당2동,4887684,2187315,2700370,946993,562368,791694,822061,686410,1078158,1325633,1016677,542399,535369,805498,662108,698366,680824,681862,690863,689973,715569,730229
20221,11200560,행당1동,3878188,1844929,2033259,536145,790770,680074,618243,544756,708199,871645,764496,488587,515902,753563,483995,555759,551878,558238,564543,568091,555530,524150
20221,11200570,행당2동,4903561,2205893,2697669,915856,573171,800946,838261,686357,1088972,1307155,1023263,552194,543952,812852,664145,690749,692632,695444,690004,690663,716406,727664
20222,11200560,행당1동,4074946,1900573,2174372,626585,866417,688650,627528,550443,715324,901580,800509,512460,539052,801413,519933,580972,587438,590343,590383,594857,580965,549988
20222,11200570,행당2동,4702856,2076955,2625902,908815,539889,750188,801955,654845,1047164,1289978,986693,516318,507598,762832,639438,675528,667948,663119,662530,658804,676239,698689
20223,11200560,행당1동,4327205,2022785,2304420,633286,896719,736049,667575,606051,787524,934879,856083,551145,578482,857617,549000,613352,628255,632996,634892,629237,607664,580810
20223,11200570,행당2동,4543847,2028861,2514986,878235,513311,718387,770900,647347,1015665,1252540,950055,497586,489863,735046,618757,652867,647089,642906,641170,640264,649438,670113
20224,11200560,행당1동,4625616,2168936,2456680,677142,1011174,765725,709024,633898,828652,970933,918806,600219,632411,924413,578835,653990,670470,673532,672282,677314,658153,619873
20224,11200570,행당2동,4587817,2045249,2542568,890483,533471,731637,779727,640687,1011814,1257754,963213,501191,492854,747127,625680,656763,648551,646867,645181,647942,661400,681113
20231,11200560,행당1동,4487096,2109942,2377154,657853,950885,739507,695805,621299,821747,936563,892052,582345,613296,903756,559082,636636,646065,650717,656104,661754,640876,594943
20231,11200570,행당2동,4495290,2018555,2476735,828871,528492,712993,773211,650042,1001681,1236561,948222,488439,481438,727744,612886,635748,635904,638267,633265,632471,651406,668229
20232,11200560,행당1동,4633560,2187043,2446516,722615,1028632,737625,706443,634503,803739,952951,928408,607541,638490,930013,576155,661522,669074,674311,676037,677855,658567,616195
20232,11200570,행당2동,4409199,1971040,2438159,808080,523233,712656,768576,647113,949539,1222451,920715,476959,472170,711080,605822,631464,627267,625109,618601,618898,637364,650497
20233,11200560,행당1동,4829176,2275931,2553245,713947,1014757,802289,771721,688353,838110,1026703,965186,627021,656335,954813,599118,693217,697535,701216,688026,693073,693699,662411
20233,11200570,행당2동,4487499,1997277,2490222,828143,526108,718112,782005,666871,966260,1250327,941832,490058,480852,715435,608997,638869,636787,634900,632592,625366,646493,672493
20234,11200560,행당1동,5335133,2509733,2825399,766038,1134982,881119,875093,769603,908297,1176746,1070954,688879,716791,1022608,659154,749633,764941,769160,770565,778229,774238,728367
20234,11200570,행당2동,4515011,2005378,2509632,849663,526323,723775,798361,661003,955886,1289298,958182,480742,467189,705032,614568,648982,636673,633502,632616,633319,657578,672339
20191,11170650,이태원1동,2971557,1534712,1436846,181665,886956,664265,420603,322598,495469,680441,489788,355747,391315,613066,441202,368516,371370,370867,383758,443066,544674,489307
20191,11170660,이태원2동,3357347,1591468,1765880,291964,608925,778696,577463,396661,703636,908016,697500,390435,387153,542343,431901,462404,467092,470121,468953,476491,507051,505234
20192,11170650,이태원1동,2052108,1052356,999752,116199,599424,476264,295666,227923,336633,479398,348562,248240,266120,407733,302054,249636,249046,258205,271571,302455,377448,343748
20192,11170660,이태원2동,2248301,1078070,1170231,197037,404538,539466,386882,261931,458448,622371,468361,256910,252408,357402,290849,308364,310363,312193,316217,319133,343173,338860
20193,11170650,이태원1동,3033317,1548487,1484831,186504,913449,693249,427268,334433,478416,718454,512027,359148,385208,603833,454648,375694,371033,388831,403532,451720,545212,497296
20193,11170660,이태원2동,3129317,1500249,1629069,281026,573090,755978,533336,359957,625932,885151,649347,349014,342791,492900,410114,432916,435046,432710,438977,444866,473058,471745
20194,11170650,이태원1동,2990047,1519561,1470486,180496,912324,679951,426753,331100,459424,695202,486934,352457,390694,616213,448549,345936,361175,390550,384626,438522,568756,500484
20194,11170660,이태원2동,3344850,1605566,1739283,275761,609424,821250,569523,394200,674692,948578,692745,371196,366251,528307,437772,461961,460721,469126,465283,473347,509367,505043
20201,11170650,이태원1동,2497588,1319289,1178299,151298,702330,561189,364786,303211,414776,560924,428274,303666,332106,514158,358457,321254,314135,331496,332727,367546,430463,399966
20201,11170660,이태원2동,3396366,1628714,1767651,291287,613090,828524,580016,401467,681981,917604,705302,394496,390504,550311,438147,474046,471221,478298,473615,482259,509611,507317
20202,11170650,이태원1동,2118343,1127523,990820,124031,493357,486490,343453,286151,384862,452145,396083,277073,299750,417150,276141,291544,291514,293190,297144,310523,327325,307102
20202,11170660,이태원2동,3411783,1665287,1746496,292644,591625,832299,600351,412467,682397,902456,712611,406165,400257,553313,436980,479575,479223,481113,483151,485813,501416,501492
20203,11170650,이태원1동,2059832,1076699,983135,117766,477997,473896,340604,282110,367459,447917,388300,269558,288248,399389,266419,280749,280938,284775,287455,302682,320749,302484
20203,11170660,이태원2동,3442137,1679619,1762518,297106,608779,839496,615906,413653,667195,905608,718498,410138,404430,562104,441360,483682,481101,485717,487899,490318,505754,507667
20204,11170650,이태원1동,2165338,1123454,1041884,131610,497257,491233,352512,295542,397182,485625,414904,283205,298803,405184,277618,293205,292837,297874,302274,317860,339476,321812
20204,11170660,이태원2동,3251109,1566021,1685088,284316,546776,783645,594325,390321,651726,872862,681084,380244,373370,523467,420085,456068,456395,451705,456454,461753,481721,487013
20211,11170650,이태원1동,2201376,1123512,1077864,138747,478583,492234,369338,304819,417656,470461,435147,297247,315996,422061,260465,307934,308416,312297,312512,317678,327918,314622
20211,11170660,이태원2동,3058790,1458516,1600273,261691,490691,741451,570198,373943,620816,824547,642248,353922,348763,491747,397565,430144,426967,427250,429083,432711,452655,459978
20212,11170650,이태원1동,2382413,1201615,1180798,148959,542132,535184,402102,321123,432913,483338,454711,318167,344309,487179,294708,326856,329983,335105,333559,349484,366582,340844
20212,11170660,이태원2동,3014085,1448305,1565780,250773,511607,731018,556403,371794,592490,813907,627626,347288,345113,488854,391297,417391,418997,428596,420143,421513,450518,456927
20213,11170650,이태원1동,2242736,1135906,1106830,142846,494380,501215,382935,309083,412275,454805,434595,305605,329200,446035,272494,314386,312941,314422,320332,329119,333739,317800
20213,11170660,이태원2동,2932004,1401501,1530503,235422,491434,707376,553934,359045,584789,788777,611861,340599,335923,473796,381047,410901,411265,412174,414927,414684,433462,434591
20214,11170650,이태원1동,2514110,1276697,1237412,162840,629421,564457,404930,320386,432076,522304,453691,321167,350180,525274,341494,333274,329362,333623,339308,370113,423169,385260
20214,11170660,이태원2동,2954464,1409510,1544952,240406,509230,725295,555527,350959,573048,800029,611736,340588,338216,480495,383398,412895,407742,409319,410384,415999,448176,449948
20221,11170650,이태원1동,2458747,1236363,1222384,167881,560842,551006,409874,323294,445850,485873,458864,326449,357124,520614,309823,338921,336523,341602,344394,357981,384504,354825
20221,11170660,이태원2동,2846523,1365174,1481350,244057,490176,702249,541477,336149,532417,774704,592783,329754,326091,456963,366228,396923,397030,398880,398313,397149,427552,430676
20222,11170650,이태원1동,2902036,1469462,1432574,184432,784538,681510,455504,340095,455957,653115,489660,349560,379537,588889,441276,368735,361903,375782,382135,426101,522971,464410
20222,11170660,이태원2동,2924180,1408608,1515572,265571,502499,719938,556858,347148,532167,781625,604682,342842,342373,478406,374252,405123,401317,401281,406711,414577,449551,445620
20223,11170650,이태원1동,2874729,1467078,1407651,183341,801331,681088,448673,329856,430440,674368,486760,344144,371839,564881,432737,370823,356189,367783,379402,425999,505359,469174
20223,11170660,이태원2동,2812081,1330373,1481707,265842,477590,681341,536392,337151,513764,750692,581850,328127,328954,460102,362355,393192,391226,390077,392682,397905,425939,421057
20224,11170650,이태원1동,2654144,1363941,1290203,170460,635898,631572,451328,338384,426503,571690,482116,349199,373783,517661,359694,351985,342682,348902,357469,391687,456987,404431
20224,11170660,이태원2동,2895062,1363168,1531894,281251,472311,699037,568729,346646,527086,775213,605691,340373,335329,466772,371684,409152,402817,400975,401712,408398,436085,435924
20231,11170650,이태원1동,2486189,1268179,1218010,158484,544433,591663,444447,334311,412849,527254,469737,336756,358905,480658,312881,335039,337358,341501,343780,361402,393337,373773
20231,11170660,이태원2동,2986092,1393667,1592425,289154,482239,709260,600180,358929,546330,806276,632127,352195,346636,472094,376763,414919,422056,419059,416878,420952,448724,443502
20232,11170650,이태원1동,2641988,1363648,1278342,157705,618644,629216,460373,342545,433505,558722,477212,355931,377889,523636,348596,349866,347715,351844,359909,387353,436274,409029
20232,11170660,이태원2동,2984758,1407238,1577520,296622,483688,695606,606348,367309,535185,794745,623516,354909,353162,480479,377949,417853,420095,415238,418800,425836,444832,442105
20233,11170650,이태원1동,2655917,1377112,1278805,165394,646464,633836,459051,334147,417027,594016,468628,345528,366637,518290,362817,348968,344076,348889,355430,388446,449274,420835
20233,11170660,이태원2동,2869541,1350382,1519160,281735,469927,666182,578988,355119,517592,776480,596397,334462,333053,461207,367944,400631,403628,398133,403284,406676,426993,430196
20234,11170650,이태원1동,2586640,1356156,1230483,162586,619600,631296,450002,324234,398922,594464,450330,331537,351410,503079,355817,346206,328113,333325,339061,375380,440367,424189
20234,11170660,이태원2동,2952646,1395443,1557204,309936,466998,685121,600371,370232,519989,803836,616431,344568,340058,471277,376475,417511,412718,409688,412369,416282,442333,441744